Language,Primes,Time (s),User time (s),System time (s),CPU (%),Memory (KB)
C,664579,0.063305,0.04,0.01,100.0,11264
C++,664579,0.052434,0.05,0.0,98.0,4864
Rust,664579,0.047883,0.04,0.0,98.0,11648
Go,664579,0.045436,0.04,0.01,85.0,11520
Python,664579,1.603222,1.56,0.06,100.0,88576
Java,664579,0.060207,0.15,0.04,117.0,53648
Node,664579,0.202291,0.24,0.13,54.0,120832
